1,Article::Introduction,intro_article,intro_short_desc,intro_contenttttt
2,Article::Rules,rules,rules_short_desc,rules_contenttttt
3,Article::News,news1,news_1_short_desc,news_1_contenttttttt
4,Article::News,news2,news_2_short_desc,news_2_contenttttttt
5,Article::News,news3,news_3_short_desc,news_3_contenttttttt
6,Article::News,news4,news_4_short_desc,news_4_contenttttttt
7,Article::News,news5,news_5_short_desc,news_5_contenttttttt
8,Article::News,news6,news_6_short_desc,news_6_contenttttttt
9,Article::News,news7,news_7_short_desc,news_7_contenttttttt
10,Article::News,news8,news_8_short_desc,news_8_contenttttttt
11,Article::News,news9,news_9_short_desc,news_9_contenttttttt
12,Article::News,news10,news_10_short_desc,news_10_contenttttttt
13,Article::News,news11,news_11_short_desc,news_11_contenttttttt
14,Article::News,news12,news_12_short_desc,news_12_contenttttttt
15,Article::News,news13,news_13_short_desc,news_13_contenttttttt
16,Article::News,news14,news_14_short_desc,news_14_contenttttttt
17,Article::News,news15,news_15_short_desc,news_15_contenttttttt
